data,valor,descricao,conta_id,tipo,identificador_externo
2026-08-05,2500.00,Pagamento cliente Genux,conta-a,receita,TXN1001
2026-08-06,850.00,Pagamento cliente Tragial,conta-a,receita,TXN1002
2026-08-07,300.00,Ferramenta de trabalho,conta-a,despesa,TXN1003
2026-08-08,500.00,Transferencia para conta B,conta-a,retirada_titular,TXN1004
2026-08-08,500.00,Transferencia recebida da conta A,conta-b,aporte_titular,TXN2001
2026-08-09,180.50,Mercado,conta-b,despesa,TXN2002
2026-08-10,65.00,Assinatura streaming,conta-b,despesa,TXN2003
2026-08-12,420.00,Servico avulso,conta-a,receita,TXN3001
2026-08-15,71.60,Conta a pagar,conta-a,despesa,TXN3002
